{"cameraMode":{"drawMode":0,"name":"Shaded","section":"Shading Mode"},"sceneLighting":false,"audioPlay":false,"sceneViewState":{"showFog":true,"showMaterialUpdate":true,"showSkybox":true,"showFlares":true,"showImageEffects":true,"showParticleSystems":true},"in2DMode":false,"pivot":{"x":1.01924467086792,"y":-1.5284271240234376,"z":-0.5173211097717285},"rotation":{"x":-0.27962222695350649,"y":0.4189545214176178,"z":-0.1373559832572937,"w":-0.8528903126716614},"size":9.451505661010743,"orthographic":false}