{"cameraMode":{"drawMode":0,"name":"Shaded","section":"Shading Mode"},"sceneLighting":false,"audioPlay":false,"sceneViewState":{"showFog":true,"showMaterialUpdate":true,"showSkybox":true,"showFlares":true,"showImageEffects":true,"showParticleSystems":true},"in2DMode":false,"pivot":{"x":-1.320199966430664,"y":-2.2434568405151369,"z":-4.167840480804443},"rotation":{"x":-0.23256215453147889,"y":0.49810805916786196,"z":-0.14321468770503999,"w":-0.8229780197143555},"size":13.882140159606934,"orthographic":false}