{"cameraMode":{"drawMode":0,"name":"Shaded","section":"Shading Mode"},"sceneLighting":false,"audioPlay":false,"sceneViewState":{"showFog":true,"showMaterialUpdate":true,"showSkybox":true,"showFlares":true,"showImageEffects":true,"showParticleSystems":true},"in2DMode":false,"pivot":{"x":4.529095649719238,"y":5.4257917404174809,"z":-2.809358596801758},"rotation":{"x":-0.10181663185358048,"y":0.09251262247562409,"z":-0.01155147049576044,"w":-0.9904248118400574},"size":13.501657485961914,"orthographic":false}